{
  "best_val_acc": 0.9069135802469136,
  "train_seconds": 3588.0038521289825
}