{
  "best_val_acc": 0.9222222222222223,
  "train_seconds": 8493.566982507706
}